6501;Tamara Weber;Tamara Weber@colevatanus.com
6939;Reya Farmer;Reya Farmer@colevatanus.com
3247;Lea Simmonds;Lea Simmonds@colevatanus.com
2770;Mia-Rose Anthony;Mia-Rose Anthony@colevatanus.com
7444;Beatriz Andersen;Beatriz Andersen@colevatanus.com
3111;Lynn Riley;Lynn Riley@colevatanus.com
8974;Anaya Gregory;Anaya Gregory@colevatanus.com
5107;Krystian Ibarra;Krystian Ibarra@colevatanus.com
1778;Dennis Finch;Dennis Finch@colevatanus.com
4500;Kimberley Meza;Kimberley Meza@colevatanus.com
2451;Jadine Hanna;Jadine Hanna@colevatanus.com
8485;Caolan Hawes;Caolan Hawes@colevatanus.com
6226;Julian Simpson;Julian Simpson@colevatanus.com
4559;May Washington;May Washington@colevatanus.com
2151;Ella-May Beattie;Ella-May Beattie@colevatanus.com
4580;Cinar Donald;Cinar Donald@colevatanus.com
7184;Yasin Horner;Yasin Horner@colevatanus.com
8789;Tylor O'Ryan;Tylor O'Ryan@colevatanus.com
6342;Yanis Blackburn;Yanis Blackburn@colevatanus.com
8952;Kris Larson;Kris Larson@colevatanus.com
